Case,Magazine,PageCost,Circulation
1,Better Homes & Gardens,73.82,8
2,Business Week,35.14,0.845
3,Car & Driver,23.795,0.725
4,Cosmopolitan,28.98,2.25
5,Ebony,21.886,1.25
6,Family Circle,62.75,7.45
7,Field & Stream,33.76,2
8,Forbes,25.09,0.7
9,Fortune,30.04,0.67
10,Glamour,24.34,1.8
11,Golf Digest,26.625,1.025
12,Good Housekeeping,58.02,5
13,Harper's Bazaar,16.2,0.65
14,Hot Rod,20.4,0.85
15,House & Garden,25.43,1
16,Home Beautiful,19.775,0.8
17,Ladies' Home Journal,48,5
18,Mademoiselle,16.28,1
19,McCalls,59.83,6.2
20,Mechanix Illustrated,24.815,1.6
21,Money,25.74,1
22,Motor Trend,21.905,0.75
23,Ms.,7.845,0.45
24,National Enquirer,26.5,4.637
25,National Geographic,95.575,8.4
26,National Lampoon,9.9,0.58
27,Newsweek,63.85,2.95
28,Outdoor Life,28.475,1.5
29,Parents Magazine,36.96,1.65
30,People,56.425,2.35
31,Playboy,55.71,5
32,Playgirl,7.22,0.65
33,Popular Mechanics,26.932,1.6
34,Popular Science,26.82,1.8
35,Reader's Digest,97.7,17.9
36,Redbook,42.675,3.8
37,Road & Track,18.775,0.63
38,Rolling Stone,17.77,0.7
39,Scientific American,24,0.72
40,Seventeen,19.25,1.5
41,Sports Illustrated,54.165,2.25
42,The Star,21.35,3.4
43,Time,85.87,4.4
44,True Story,13.435,1.4
45,TV Guide,77.4,17.345
46,U.S. News & World Report,42.51,2.05
47,Vogue,18,0.95
48,Woman's Day,60.435,7.125
