Vehicle Name,RetailPrice,Horsepower,CityMPG,Weight,WheelBase
Chevrolet Aveo 4dr,11690,103,28,2370,98
Chevrolet Aveo LS 4dr hatch,12585,103,28,2348,98
Chevrolet Cavalier 2dr,14610,140,26,2617,104
Chevrolet Cavalier 4dr,14810,140,26,2676,104
Chevrolet Cavalier LS 2dr,16385,140,26,2617,104
Dodge Neon SE 4dr,13670,132,29,2581,105
Dodge Neon SXT 4dr,15040,132,29,2626,105
Ford Focus ZX3 2dr hatch,13270,130,26,2612,103
Ford Focus LX 4dr,13730,110,27,2606,103
Ford Focus SE 4dr,15460,130,26,2606,103
Ford Focus ZX5 5dr,15580,130,26,2691,103
Honda Civic DX 2dr,13270,115,32,2432,103
Honda Civic HX 2dr,14170,117,36,2500,103
Honda Civic LX 4dr,15850,115,32,2513,103
Hyundai Accent 2dr hatch,10539,103,29,2255,96
Hyundai Accent GL 4dr,11839,103,29,2290,96
Hyundai Accent GT 2dr hatch,11939,103,29,2339,96
Hyundai Elantra GLS 4dr,13839,138,26,2635,103
Hyundai Elantra GT 4dr,15389,138,26,2635,103
Hyundai Elantra GT 4dr hatch,15389,138,26,2698,103
Kia Optima LX 4dr,16040,138,23,3281,106
Kia Rio 4dr manual,10280,104,26,2403,95
Kia Rio 4dr auto,11155,104,25,2458,95
Kia Spectra 4dr,12360,124,24,2661,101
Kia Spectra GS 4dr hatch,13580,124,24,2686,101
Kia Spectra GSX 4dr hatch,14630,124,24,2697,101
Mini Cooper,16999,115,28,2524,97
Nissan Sentra 1.8 4dr,12740,126,28,2513,100
Nissan Sentra 1.8 S 4dr,14740,126,28,2581,100
Pontiac Sunfire 1SA 2dr,15495,140,24,2771,104
Saturn Ion1 4dr,10995,140,26,2692,103
Saturn lon2 4dr,14300,140,26,2692,103
Saturn lon3 4dr,15825,140,26,2692,103
Saturn lon2 quad coupe 2dr,14850,140,26,2751,103
Saturn lon3 quad coupe 2dr,16350,140,26,2751,103
Scion xA 4dr hatch,12965,108,32,2340,93
Suzuki Aeno S 4dr,12884,155,25,2676,98
Suzuki Aerio LX 4dr,14500,155,25,2676,98
Suzuki Forenza S 4dr,12269,119,24,2701,102
Suzuki Forenza EX 4dr,15568,119,22,2756,102
Toyota Corolla CE 4dr,14085,130,32,2502,102
Toyota Corolla S 4dr,15030,130,32,2524,102
Toyota Corolla LE 4dr,15295,130,32,2524,102
Toyota Echo 2dr manual,10760,108,35,2035,93
Toyota Echo 2dr auto,11560,108,33,2085,93
Toyota Echo 4dr,11290,108,35,2055,93
Buick Century Custom 4dr,22180,175,20,3353,109
Chevrolet Impala 4dr,21900,180,21,3465,111
Chevrolet Malibu 4dr,18995,145,24,3174,106
Chevrolet Malibu LS 4dr,20370,200,22,3297,106
Chevrolet Monte Carlo LS 2dr,21825,180,21,3340,111
Chrysler PT Cruiser 4dr,17985,150,22,3101,103
Chrysler PT Cruiser Limited 4dr,22000,150,22,3105,103
Chrysler Sebring 4dr,19090,150,22,3173,108
Chrysler Sebring Touring 4dr,21840,200,21,3222,108
Dodge Intrepid SE 4dr,22035,200,21,3469,113
Dodge Stratus SXT 4dr,18820,150,21,3182,108
Dodge Stratus SE 4dr,20220,150,21,3175,108
Ford Focus SVT 2dr,19135,170,21,2750,103
Ford Taurus LX 4dr,20320,155,20,3306,109
Ford Taurus SES Duratec 4dr,22735,201,19,3313,109
Honda Accord LX 2dr,19860,160,26,2994,105
Honda Accord EX 2dr,22260,160,26,3047,105
Honda Civic EX 4dr,17750,127,32,2601,103
Honda Civic Si 2dr hatch,19490,160,26,2782,101
Hyundai Sonata GLS 4dr,19339,170,19,3217,106
Hyundai Sonata LX 4dr,20339,170,19,3217,106
Kia Optima LX V6 4dr,18435,170,20,3279,106
Mazda6 i 4dr,19270,160,24,3042,105
Mercury Sable GS 4dr,21595,155,20,3308,109
Mini Cooper S,19999,163,25,2678,97
Nissan Altima S 4dr,19240,175,21,3039,110
Nissan Sentra SE-R 4dr,17640,165,23,2761,100
Oldsmobile Alero GX 2dr,18825,140,24,2946,107
Pontiac Grand Am GT 2dr,22450,175,20,3118,107
Pontiac Grand Prix GT1 4dr,22395,200,20,3477,111
Pontiac Sunfire 1SC 2dr,17735,140,24,2771,104
Saturn L300-2 4dr,21410,182,20,3197,107
Subaru Impreza 2.5 RS 4dr,19945,165,22,2965,99
Subaru Legacy L 4dr,20445,165,21,3285,104
Suzuki Verona LX 4dr,17262,155,20,3380,106
Toyota Camry LE 4dr,19560,157,24,3086,107
Toyota Camry LE V6 4dr,22775,210,21,3296,107
Toyota Camry Solara SE 2dr,19635,157,24,3175,107
Toyota Camry Solara SE V6 2dr,21965,225,20,3417,107
Volkswagen Golf GLS 4dr,18715,115,24,2897,99
Volkswagen GTI 1.8T 2dr hatch,19825,180,24,2934,99
Volkswagen Jetta GLS TDI 4dr,21055,100,38,3003,99
Volkswagen New Beetle GLS 1.8T 2dr,21055,150,24,2820,99
Acura RSX Type S 2dr,23820,200,24,2778,101
Acura TSX 4dr,26990,200,22,3230,105
Audi A4 1.8T 4dr,25940,170,22,3252,104
BMW 325i 4dr,28495,184,20,3219,107
Buick LeSabre Custom 4dr,26470,205,20,3567,112
Buick Regal LS 4dr,24895,200,20,3461,109
Buick Regal GS 4dr,28345,240,18,3536,109
Chevrolet Impala LS 4dr,25000,200,20,3476,111
Chevrolet Impala SS 4dr,27995,240,18,3606,111
Chevrolet Malibu LT 4dr,23495,200,23,3315,106
Chevrolet Monte Carlo SS 2dr,24225,200,18,3434,111
Chrysler 300M 4dr,29865,250,18,3581,113
Chrysler Concorde LX 4dr,24130,200,21,3479,113
Chrysler Concorde LXi 4dr,26860,232,19,3548,113
Chrvsler PT Cruiser GT 4dr,25955,220,21,3217,103
Chrysler Sebring convertible 2dr,25215,150,22,3357,106
Dodge Intrepid ES 4dr,24885,232,18,3487,113
Ford Crown Victoria 4dr,24345,224,17,4057,115
Ford Crown Victoria LX 4dr,27370,224,17,4057,115
Honda Accord LX V6 4dr,23760,240,21,3349,108
Honda Accord EX V6 2dr,26960,240,21,3294,105
Hyundai XG350 4dr,24589,194,17,3651,108
Hyundai XG350 L 4dr,26189,194,17,3651,108
Infiniti G35 4dr,28495,260,18,3336,112
Infiniti G35 Sport Coupe 2dr,29795,280,18,3416,112
Jaguar X-Type 2.5 4dr,29995,192,18,3428,107
Mercedes-Benz C230 Sport 2dr,26060,189,22,3250,107
Mercedes-Benz C320 Sport 2dr,28370,215,19,3430,107
Mercury Grand Marquis GS 4dr,24695,224,17,4052,115
Mercury Grand Marquis LS Premium 4dr,29595,224,17,4052,115
Mercury Sable LS Premium 4dr,23895,201,19,3315,109
Mitsubishi Diamante LS 4dr,29282,205,18,3549,107
Mitsubishi Galant GTS 4dr,25700,230,18,3649,108
Nissan Altima SE 4dr,23290,245,21,3197,110
Nissan Maxima SE 4dr,27490,265,20,3473,111
Nissan Maxima SL 4dr,29440,265,20,3476,111
Oldsmobile Alero GLS 2dr,23675,170,20,3085,107
Pontiac Grand Prix GT2 4dr,24295,200,20,3484,111
Subaru Legacy GT 4dr,25645,165,21,3395,104
Subaru Outback Limited Sedan 4dr,27145,165,20,3495,104
Subaru Outback H6 4dr,29345,212,19,3610,104
Toyota Avalon XL 4dr,26560,210,21,3417,107
Toyota Camry XLE V6 4dr,25920,210,21,3362,107
Toyota Camry Solara SLE V6 2dr,26510,225,20,3439,107
Volkswagen Jetta GLI VR6 4dr,23785,200,21,3179,99
Volkswagen New Beetle GLS convertible 2dr,23215,115,24,3082,99
Volkswagen Passat GLS 4dr,23955,170,22,3241,106
Volvo S40 4dr,25135,170,22,2767,101
Acura TL 4dr,33195,270,20,3575,108
Audi A41.8T convertible 2dr,35940,170,23,3638,105
Audi A4 3.0 4dr,31840,220,20,3462,104
Audi A4 3.0 Quattro 4dr manual,33430,220,17,3583,104
Audi A4 3.0 Quattro 4dr auto,34480,220,18,3627,104
Audi A6 3.0 4dr,36640,220,20,3561,109
Audi A6 3.0 Quattro 4dr,39640,220,18,3880,109
BMW 325Ci 2dr,30795,184,20,3197,107
BMW 325Ci convertible 2dr,37995,184,19,3560,107
BMW 325xi 4dr,30245,184,19,3461,107
BMW 330i 4dr,35495,225,20,3285,107
BMW 330Ci 2dr,36995,225,20,3285,107
BMW 330xi 4dr,37245,225,20,3483,107
BMW 525i 4dr,39995,184,19,3428,114
Buick LeSabre Limited 4dr,32245,205,20,3591,112
Buick Park Avenue 4dr,35545,205,20,3778,114
Cadillac CTS VVT 4dr,30835,255,18,3694,113
Chrysler 300M Special Edition 4dr,33295,255,18,3650,113
Chrysler Sebring Limited convertible 2dr,30950,200,21,3448,106
Ford Crown Victoria LX Sport 4dr,30315,239,17,4057,115
Infiniti G35 4dr,32445,260,18,3677,112
Infiniti I35 4dr,31145,255,19,3306,108
Jaguar X-Type 3.0 4dr,33995,227,18,3516,107
Lexus ES 330 4dr,32350,225,20,3460,107
Lexus IS 300 4dr manual,31045,215,18,3255,105
Lexus IS 300 4dr auto,32415,215,18,3285,105
Lincoln LS V6 Luxury 4dr,32495,232,20,3681,115
Lincoln LS V6 Premium 4dr,36895,232,20,3681,115
Mercedes-Benz C240 4dr,32280,168,20,3360,107
Mercedes-Benz C240 4dr,33480,168,19,3360,107
Mercedes-Benz C320 Sport 4dr,35920,215,19,3430,107
Mercedes-Benz C320 4dr,37630,215,20,3450,107
Mercury Grand Marquis LS Ultimate 4dr,30895,224,17,4052,115
Mercury Marauder 4dr,34495,302,17,4195,115
Saab 9-3 Arc Sport 4dr,30860,210,20,3175,105
Saab 9-3 Aero 4dr,33360,210,20,3175,105
Saab 9-5 Arc 4dr,35105,220,21,3470,106
Saab 9-5 Aero 4dr,39465,250,21,3470,106
Subaru Outback H-6 VDC 4dr,31545,212,19,3630,104
Toyota Avalon XLS 4dr,30920,210,21,3439,107
Volkswagen Passat GLX V6 4MOTION 4dr,33180,190,19,3721,106
Volkswagen Passat W8 4MOTION 4dr,39235,270,18,3953,106
Volvo S60 2.5 4dr,31745,208,20,3903,107
Volvo S60 T5 4dr,34845,247,20,3766,107
Volvo S60 R 4dr,37560,300,18,3571,107
Volvo S80 2.9 4dr,37730,208,20,3576,110
Volvo S80 2.5T 4dr,37885,194,20,3691,110
Acura 3.5 RL 4dr,43755,225,18,3880,115
Acura 3.5 RL w/Navigation 4dr,46100,225,18,3893,115
Audi A4 3.0 convertible 2dr,42490,220,20,3814,105
Audi A4 3.0 Quattro convertible 2dr,44240,220,18,4013,105
Audi A6 2.7 Turbo Quattro 4dr,42840,250,18,3836,109
Audi A6 4.2 Quattro 4dr,49690,300,17,4024,109
Audi A8 L Quattro 4dr,69190,330,17,4399,121
Audi S4 Quattro 4dr,48040,340,14,3825,104
BMW 330Ci convertible 2dr,44295,225,19,3616,107
BMW 530i 4dr,44995,225,20,3472,114
BMW 545iA 4dr,54995,325,18,3814,114
BMW 745i 4dr,69195,325,18,4376,118
BMW 745Li 4dr,73195,325,18,4464,123
Buick Park Avenue Ultra 4dr,40720,240,18,3909,114
Cadillac Deville 4dr,45445,275,18,3984,115
Cadillac Deville DTS 4dr,50595,300,18,4044,115
Cadillac Seville SLS 4dr,47955,275,18,3992,112
Infiniti M45 4dr,42845,340,17,3851,110
Infiniti Q45 Luxury 4dr,52545,340,17,3977,113
Jaguar S-Type 3.0 4dr,43895,235,18,3777,115
Jaguar S-Type 4.2 4dr,49995,294,18,3874,115
Jaguar S-Type R 4dr,63120,390,17,4046,115
Jaguar Vanden Plas 4dr,68995,294,18,3803,119
Jaguar XJ8 4dr,59995,294,18,3803,119
Jaguar XJR 4dr,74995,390,17,3948,119
Lexus GS 300 4dr,41010,220,18,3649,110
Lexus GS 430 4dr,48450,300,18,3715,110
Lexus LS 430 4dr,55750,290,18,3990,115
Lincoln LS V8 Sport 4dr,40095,280,17,3768,115
Lincoln LS V8 Ultimate 4dr,43495,280,17,3768,115
Lincoln Town Car Signature 4dr,41815,239,17,4369,118
Lincoln Town Car Ultimate 4dr,44925,239,17,4369,118
Lincoln Town Car Ultimate L 4dr,50470,239,17,4474,124
Mercedes-Benz C32 AMG 4dr,52120,349,16,3540,107
Mercedes-Benz CL500 2dr,94820,302,16,4085,114
Mercedes-Benz CL600 2dr,128420,493,13,4473,114
Mercedes-Benz CLK320 coupe 2dr (convertible),45707,215,20,3770,107
Mercedes-Benz CLK500 coupe 2dr (convertible),52800,302,17,3585,107
Mercedes-Benz E320 4dr,48170,221,19,3635,112
Mercedes-Benz E500 4dr,57270,302,16,3815,112
Mercedes-Benz S430 4dr,74320,275,18,4160,122
Mercedes-Benz S500 4dr,86970,302,16,4390,122
Saab 9-3 Arc convertible 2dr,40670,210,21,3480,105
Saab 9-3 Aero convertible 2dr,43175,210,21,3700,105
Volvo C70 LPT convertible 2dr,40565,197,21,3450,105
Volvo C70 HPT convertible 2dr,42565,242,20,3450,105
Volvo S80 T6 4dr,45210,268,19,3653,110
