Wine,Alcohol,Parker,Robinson
Chateau Angelus,14.45,97,15
Chateau Branaire-Ducru,13.3,95,17.5
Chateau Clerc-Milon,13.4,91,17.5
Chateau Clinet,14.1,95,17.5
Chateau Cos d'Estournel,13.8,96,18
Chateau Ducru-Beaucaillou,13.6,93,18
Chateau Grand-Puy-Lacoste,13.2,93,17
Chateau Lafite Rothschild,12.9,94.5,19
Chateau Lafleur,14,96,18.5
Chateau Lagrange,13.7,93,16.5
Chateau Leoville-Las Cases,13.1,93,18.5
Chateau Margaux,13,98,19.5
Chateau Montrose,13.2,93,18.5
Chateau Mouton Rothschild,13.2,95,18.5
Chateau Palmer,14,95,17.5
Chateau Pavie,14,99,14.5
Chateau Pichon-Longueville Baron,13.6,93.5,17.5
Chateau Sociando-Mallet,13.1,93,16
Domaine de Chevalier,13.1,92.5,17
Pavillon Rouge,14,91.5,17.5
Chateau Haut-Marbuzet,13.5,91,16
Chateau D'Armailhac ,13.3,91.5,16.5
Chateau Latour,13.35,99,19.5
Chateau Beychevelle,13.4,92,17
Chateau Smith-Haut-Lafitte ,13.3,94,17.5
Clos l'Eglise,13.6,95,17
La Conseillante ,13.8,94,17.5
L'Eglise Clinet ,14.1,97,18
Chateau L'Evangile ,13.2,94,18.5
Chateau Nenin,14.2,91,17
Chateau Petit Village ,13.5,91,16
Chateau Le Pin,13,95,18.5
Chateau Bellevue ,14.5,95,16
Chateau Berliquet,13.5,89,16
Chateau Cheval Blanc,13.8,96.5,19
Clos St-Julien ,14.8,91.5,16.5
Chateau La Fleur Morange,15,93,NA
Chateau La Fleur Morange Mathilde ,14.4,92,NA
Chateau Gracia,13.9,95,17.5
Chateau Jean-Faure,13.25,NA,16.5
Chateau Pavie-Decesse ,14,98,14
Chateau Pavie Macquin,14.9,95,15.5
Petit Cheval,13.6,NA,17.5
Chateau Valandraud ,14.5,94.5,18.5
Alter Ego de Palmer ,14,NA,16.5
Chateau Destieux  ,14.5,93,15
Chateau Cadet Bon ,14.5,89,NA
Clos Fourtet ,14,95,17.5
La Confession ,14,95,NA
Chateaux Destieux ,14.5,93,15
Chateau Fleur Cardinale ,14.5,93,14.5
Chateau La Fleur d�Arthus ,14.1,88,16
Chateau La Gomerie ,14.5,95,17
Lynsolence ,14.5,93,NA
Chateau Monbousquet,13.5,93,NA
